brand,model,total_reviews,total_conflict_pairs,conflict_reviews,avg_conflict_strength,conflict_rate_pct
Apple,Apple Study A,166,121,64,0.895924725808388,38.55421686746988
Apple,Apple Study B,154,126,64,0.9165597649084197,41.55844155844156
Apple,iPhone 16,158,10,6,0.9594616363247681,3.7974683544303796
Apple,iPhone 16e,159,58,35,0.9368442515429128,22.0125786163522
Apple,iPhone 17,158,17,11,0.9355080143558502,6.962025316455696
Apple,iPhone 17 Pro,159,14,7,0.9114727452397346,4.40251572327044
Apple,iPhone 17 Pro Max,164,23,12,0.8888136686190314,7.317073170731708
Google,Google Study A,166,106,60,0.9209594767329827,36.144578313253014
Google,Google Study B,152,131,71,0.9078385727551147,46.71052631578947
Google,Pixel 10,157,30,19,0.9191473197164103,12.101910828025478
Google,Pixel 10 Pro,159,24,15,0.9089586269697142,9.433962264150944
Google,Pixel 10 Pro XL,166,32,16,0.8883459698408842,9.63855421686747
Google,Pixel 9a,156,40,21,0.9327693102562657,13.461538461538462
Motorola,Moto G Power 2025,168,73,46,0.9370350000232696,27.38095238095238
Motorola,Motorola Edge 60 Pro,164,45,25,0.8980268040290612,15.24390243902439
Motorola,Motorola Study A,159,106,69,0.9179608459180256,43.39622641509434
Motorola,Motorola Study B,156,127,71,0.9045434879271064,45.51282051282051
Motorola,Razr 60 Ultra,162,47,30,0.9345835788117397,18.51851851851852
Nothing,Nothing Phone 3,154,22,15,0.8823206692911096,9.74025974025974
Nothing,Nothing Study A,169,137,76,0.9137388641816856,44.97041420118343
Nothing,Nothing Study B,163,150,74,0.9162481662631035,45.39877300613497
Nothing,Phone 2a Plus,166,57,34,0.929985096910921,20.481927710843372
Nothing,Phone 3a Pro,161,62,27,0.9372018711053215,16.770186335403725
OPPO,Find N5,154,30,16,0.9115613962550825,10.38961038961039
OPPO,Find X8 Pro,155,27,13,0.8875631833517993,8.387096774193548
OPPO,OPPO Study A,153,134,66,0.9068140954668842,43.13725490196079
OPPO,OPPO Study B,163,131,77,0.9087326622191276,47.239263803680984
OPPO,Reno 13 Pro,155,38,22,0.9243246382617358,14.193548387096774
OnePlus,OnePlus 13,160,26,14,0.9032640419602248,8.75
OnePlus,OnePlus 13R,156,29,16,0.9337851624809778,10.256410256410257
OnePlus,OnePlus 13T,167,45,24,0.9112886583888329,14.37125748502994
OnePlus,OnePlus Study A,153,141,80,0.917154776606154,52.287581699346404
OnePlus,OnePlus Study B,151,114,61,0.902875093775883,40.397350993377486
Realme,Realme 14 Pro+,157,55,31,0.9321011824543249,19.745222929936304
Realme,Realme GT 7,164,46,25,0.9193375465943079,15.24390243902439
Realme,Realme GT 7 Pro,161,35,20,0.9035826211575568,12.422360248447205
Realme,Realme Study A,169,135,71,0.9074808730019464,42.01183431952663
Realme,Realme Study B,151,116,64,0.89600286427243,42.384105960264904
Samsung,Galaxy A56 5G,161,43,25,0.9350824123995475,15.527950310559007
Samsung,Galaxy S25 Ultra,168,14,8,0.8872500072632518,4.761904761904762
Samsung,Galaxy S26,155,9,5,0.9197283917003207,3.225806451612903
Samsung,Galaxy S26 Ultra,155,15,5,0.8759200404087703,3.225806451612903
Samsung,Galaxy Z Flip7,164,41,22,0.918274432019978,13.414634146341463
Samsung,Samsung Study A,162,108,59,0.9081964605936298,36.41975308641975
Samsung,Samsung Study B,151,109,63,0.921548402227393,41.72185430463576
Xiaomi,Redmi Note 14 Pro+,158,54,28,0.9165084696490909,17.72151898734177
Xiaomi,Xiaomi 15,155,25,13,0.8961885947708939,8.387096774193548
Xiaomi,Xiaomi 15 Ultra,163,34,19,0.922263014573417,11.656441717791411
Xiaomi,Xiaomi Study A,154,111,63,0.9105415325444024,40.90909090909091
Xiaomi,Xiaomi Study B,158,108,67,0.8915135173334016,42.40506329113924
