brand,model,aspect,mention_count,positive_pct,neutral_pct,negative_pct,avg_confidence,sentiment_score,model_order,sentiment_change,trend
Apple,iPhone 16,battery,54,48.148148148148145,46.2962962962963,5.555555555555555,0.86866075,42.59259259259259,16.0,,Baseline
Apple,iPhone 16e,battery,62,41.935483870967744,32.25806451612903,25.806451612903224,0.90172,16.12903225806452,16.1,-26.46356033452807,Declining
Apple,iPhone 17,battery,67,74.6268656716418,23.88059701492537,1.4925373134328357,0.9137604,73.13432835820896,17.0,57.00529610014444,Improving
Apple,iPhone 17 Pro,battery,50,84.0,16.0,0.0,0.9362839,84.0,17.1,10.865671641791039,Improving
Apple,iPhone 17 Pro Max,battery,63,87.3015873015873,12.698412698412698,0.0,0.9224938,87.3015873015873,17.2,3.301587301587304,Stable
Apple,iPhone 16,camera,68,63.23529411764706,35.294117647058826,1.4705882352941175,0.8620581,61.76470588235294,16.0,,Baseline
Apple,iPhone 16e,camera,70,14.285714285714285,58.57142857142858,27.142857142857142,0.852348,-12.857142857142858,16.1,-74.6218487394958,Declining
Apple,iPhone 17,camera,65,80.0,20.0,0.0,0.8554691,80.0,17.0,92.85714285714286,Improving
Apple,iPhone 17 Pro,camera,68,82.35294117647058,17.647058823529413,0.0,0.8434581,82.35294117647058,17.1,2.35294117647058,Stable
Apple,iPhone 17 Pro Max,camera,71,81.69014084507043,18.30985915492958,0.0,0.87086725,81.69014084507043,17.2,-0.6628003314001489,Stable
Apple,iPhone 16,design,67,62.68656716417911,37.3134328358209,0.0,0.87976325,62.68656716417911,16.0,,Baseline
Apple,iPhone 16e,design,63,31.746031746031743,58.730158730158735,9.523809523809524,0.8477757,22.22222222222222,16.1,-40.46434494195689,Declining
Apple,iPhone 17,design,61,63.934426229508205,36.0655737704918,0.0,0.8948153,63.934426229508205,17.0,41.71220400728598,Improving
Apple,iPhone 17 Pro,design,52,90.38461538461539,9.615384615384617,0.0,0.91067,90.38461538461539,17.1,26.450189155107182,Improving
Apple,iPhone 17 Pro Max,design,59,83.05084745762711,16.94915254237288,0.0,0.91707355,83.05084745762711,17.2,-7.333767926988273,Declining
Apple,iPhone 16,display,67,77.61194029850746,22.388059701492537,0.0,0.9167805,77.61194029850746,16.0,,Baseline
Apple,iPhone 16e,display,65,43.07692307692308,43.07692307692308,13.846153846153847,0.90918285,29.230769230769234,16.1,-48.38117106773823,Declining
Apple,iPhone 17,display,72,79.16666666666666,20.833333333333336,0.0,0.9422103,79.16666666666666,17.0,49.935897435897424,Improving
Apple,iPhone 17 Pro,display,67,86.56716417910447,13.432835820895523,0.0,0.9562051,86.56716417910447,17.1,7.400497512437809,Improving
Apple,iPhone 17 Pro Max,display,71,91.54929577464789,8.450704225352112,0.0,0.94483864,91.54929577464789,17.2,4.9821315955434216,Stable
Apple,iPhone 16,performance,90,75.55555555555556,24.444444444444443,0.0,0.8524871,75.55555555555556,16.0,,Baseline
Apple,iPhone 16e,performance,103,35.92233009708738,59.22330097087378,4.854368932038835,0.8030302,31.067961165048548,16.1,-44.48759439050701,Declining
Apple,iPhone 17,performance,98,86.73469387755102,13.26530612244898,0.0,0.89895684,86.73469387755102,17.0,55.66673271250248,Improving
Apple,iPhone 17 Pro,performance,101,86.13861386138613,13.861386138613863,0.0,0.9001283,86.13861386138613,17.1,-0.5960800161648905,Stable
Apple,iPhone 17 Pro Max,performance,99,84.84848484848484,15.151515151515152,0.0,0.915212,84.84848484848484,17.2,-1.2901290129012892,Stable
Google,Pixel 9a,battery,56,53.57142857142857,37.5,8.928571428571429,0.9336401,44.64285714285714,9.1,,Baseline
Google,Pixel 10,battery,55,49.09090909090909,36.36363636363637,14.545454545454545,0.8802103,34.54545454545455,10.0,-10.097402597402592,Declining
Google,Pixel 10 Pro,battery,51,50.98039215686274,47.05882352941176,1.9607843137254901,0.8764431,49.01960784313725,10.1,14.474153297682705,Improving
Google,Pixel 10 Pro XL,battery,43,60.46511627906976,37.2093023255814,2.3255813953488373,0.90971017,58.13953488372093,10.2,9.119927040583676,Improving
Google,Pixel 9a,camera,66,28.78787878787879,56.060606060606055,15.151515151515152,0.83337015,13.636363636363637,9.1,,Baseline
Google,Pixel 10,camera,70,70.0,30.0,0.0,0.84995663,70.0,10.0,56.36363636363636,Improving
Google,Pixel 10 Pro,camera,63,80.95238095238095,19.047619047619047,0.0,0.89362437,80.95238095238095,10.1,10.952380952380949,Improving
Google,Pixel 10 Pro XL,camera,73,82.1917808219178,17.80821917808219,0.0,0.8895139,82.1917808219178,10.2,1.2393998695368538,Stable
Google,Pixel 9a,design,54,37.03703703703704,57.407407407407405,5.555555555555555,0.832475,31.48148148148148,9.1,,Baseline
Google,Pixel 10,design,58,43.103448275862064,48.275862068965516,8.620689655172415,0.86135864,34.48275862068965,10.0,3.0012771392081703,Stable
Google,Pixel 10 Pro,design,61,49.18032786885246,45.90163934426229,4.918032786885246,0.8454043,44.26229508196721,10.1,9.779536461277559,Improving
Google,Pixel 10 Pro XL,design,53,58.490566037735846,41.509433962264154,0.0,0.8874684,58.490566037735846,10.2,14.228270955768636,Improving
Google,Pixel 9a,display,58,55.172413793103445,36.206896551724135,8.620689655172415,0.9019299,46.55172413793103,9.1,,Baseline
Google,Pixel 10,display,68,63.23529411764706,32.35294117647059,4.411764705882353,0.9301825,58.8235294117647,10.0,12.271805273833671,Improving
Google,Pixel 10 Pro,display,63,76.19047619047619,23.809523809523807,0.0,0.92733794,76.19047619047619,10.1,17.366946778711487,Improving
Google,Pixel 10 Pro XL,display,62,91.93548387096774,8.064516129032258,0.0,0.95054466,91.93548387096774,10.2,15.745007680491554,Improving
Google,Pixel 9a,performance,91,27.472527472527474,49.45054945054945,23.076923076923077,0.8036282,4.395604395604398,9.1,,Baseline
Google,Pixel 10,performance,87,57.47126436781609,37.93103448275862,4.597701149425287,0.82520777,52.8735632183908,10.0,48.477958822786405,Improving
Google,Pixel 10 Pro,performance,91,59.34065934065934,37.362637362637365,3.296703296703297,0.8252468,56.043956043956044,10.1,3.1703928255652443,Stable
Google,Pixel 10 Pro XL,performance,97,79.38144329896907,20.618556701030926,0.0,0.83569574,79.38144329896907,10.2,23.33748725501303,Improving
Motorola,Moto G Power 2025,battery,70,77.14285714285715,18.571428571428573,4.285714285714286,0.93223953,72.85714285714286,2025.0,,Baseline
Motorola,Motorola Edge 60 Pro,battery,64,73.4375,26.5625,0.0,0.9215316,73.4375,2025.1,0.5803571428571388,Stable
Motorola,Razr 60 Ultra,battery,51,29.411764705882355,33.33333333333333,37.254901960784316,0.8532897,-7.843137254901961,2025.2,-81.28063725490196,Declining
Motorola,Moto G Power 2025,camera,69,8.695652173913043,31.88405797101449,59.42028985507246,0.89922786,-50.72463768115942,2025.0,,Baseline
Motorola,Motorola Edge 60 Pro,camera,58,48.275862068965516,46.55172413793103,5.172413793103448,0.80932546,43.103448275862064,2025.1,93.82808595702149,Improving
Motorola,Razr 60 Ultra,camera,57,38.59649122807017,54.385964912280706,7.017543859649122,0.81908417,31.578947368421048,2025.2,-11.524500907441016,Declining
Motorola,Moto G Power 2025,design,60,15.0,60.0,25.0,0.8599471,-10.0,2025.0,,Baseline
Motorola,Motorola Edge 60 Pro,design,50,70.0,28.000000000000004,2.0,0.8842471,68.0,2025.1,78.0,Improving
Motorola,Razr 60 Ultra,design,51,52.94117647058824,45.09803921568628,1.9607843137254901,0.89516723,50.98039215686275,2025.2,-17.01960784313725,Declining
Motorola,Moto G Power 2025,display,73,15.068493150684931,47.94520547945205,36.986301369863014,0.886758,-21.917808219178085,2025.0,,Baseline
Motorola,Motorola Edge 60 Pro,display,63,65.07936507936508,33.33333333333333,1.5873015873015872,0.9264352,63.49206349206349,2025.1,85.40987171124158,Improving
Motorola,Razr 60 Ultra,display,53,54.71698113207547,39.62264150943396,5.660377358490567,0.91142964,49.056603773584904,2025.2,-14.435459718478583,Declining
Motorola,Moto G Power 2025,performance,103,15.53398058252427,46.601941747572816,37.86407766990291,0.8254791,-22.33009708737864,2025.0,,Baseline
Motorola,Motorola Edge 60 Pro,performance,78,67.94871794871796,28.205128205128204,3.8461538461538463,0.8572844,64.10256410256412,2025.1,86.43266118994276,Improving
Motorola,Razr 60 Ultra,performance,97,44.329896907216494,48.45360824742268,7.216494845360824,0.81090814,37.113402061855666,2025.2,-26.98916204070845,Declining
Nothing,Phone 2a Plus,battery,57,68.42105263157895,29.82456140350877,1.7543859649122806,0.914472,66.66666666666667,2.1,,Baseline
Nothing,Nothing Phone 3,battery,53,62.264150943396224,35.84905660377358,1.8867924528301887,0.8701002,60.37735849056604,3.0,-6.289308176100633,Declining
Nothing,Phone 3a Pro,battery,55,67.27272727272727,32.72727272727273,0.0,0.89420104,67.27272727272727,3.1,6.895368782161228,Improving
Nothing,Phone 2a Plus,camera,67,16.417910447761194,43.28358208955223,40.298507462686565,0.8753254,-23.88059701492537,2.1,,Baseline
Nothing,Nothing Phone 3,camera,61,55.73770491803278,34.42622950819672,9.836065573770492,0.8254394,45.90163934426229,3.0,69.78223635918766,Improving
Nothing,Phone 3a Pro,camera,64,40.625,46.875,12.5,0.8267845,28.125,3.1,-17.776639344262293,Declining
Nothing,Phone 2a Plus,design,55,38.18181818181819,41.81818181818181,20.0,0.8857622,18.181818181818187,2.1,,Baseline
Nothing,Nothing Phone 3,design,48,64.58333333333334,35.41666666666667,0.0,0.8934459,64.58333333333334,3.0,46.401515151515156,Improving
Nothing,Phone 3a Pro,design,59,62.71186440677966,33.89830508474576,3.389830508474576,0.8734329,59.32203389830509,3.1,-5.261299435028256,Declining
Nothing,Phone 2a Plus,display,58,27.586206896551722,48.275862068965516,24.137931034482758,0.8517061,3.4482758620689644,2.1,,Baseline
Nothing,Nothing Phone 3,display,62,58.06451612903226,41.935483870967744,0.0,0.89372784,58.06451612903226,3.0,54.6162402669633,Improving
Nothing,Phone 3a Pro,display,65,56.92307692307692,38.46153846153847,4.615384615384616,0.8615717,52.30769230769231,3.1,-5.756823821339957,Declining
Nothing,Phone 2a Plus,performance,80,27.500000000000004,50.0,22.5,0.80856705,5.0000000000000036,2.1,,Baseline
Nothing,Nothing Phone 3,performance,84,65.47619047619048,30.952380952380953,3.571428571428571,0.8681417,61.90476190476191,3.0,56.90476190476191,Improving
Nothing,Phone 3a Pro,performance,84,47.61904761904761,45.23809523809524,7.142857142857142,0.80975485,40.47619047619047,3.1,-21.428571428571445,Declining
OPPO,Find N5,battery,48,18.75,50.0,31.25,0.8812608,-12.5,5.0,,Baseline
OPPO,Find X8 Pro,battery,51,68.62745098039215,31.372549019607842,0.0,0.9084732,68.62745098039215,8.0,81.12745098039215,Improving
OPPO,Reno 13 Pro,battery,63,55.55555555555556,38.095238095238095,6.349206349206349,0.9040032,49.20634920634921,13.0,-19.421101774042945,Declining
OPPO,Find N5,camera,55,40.0,41.81818181818181,18.181818181818183,0.8326077,21.818181818181817,5.0,,Baseline
OPPO,Find X8 Pro,camera,67,82.08955223880598,17.91044776119403,0.0,0.9122433,82.08955223880598,8.0,60.271370420624166,Improving
OPPO,Reno 13 Pro,camera,69,52.17391304347826,44.927536231884055,2.898550724637681,0.8007207,49.27536231884058,13.0,-32.8141899199654,Declining
OPPO,Find N5,design,46,43.47826086956522,56.52173913043478,0.0,0.87210673,43.47826086956522,5.0,,Baseline
OPPO,Find X8 Pro,design,44,70.45454545454545,29.545454545454547,0.0,0.9076199,70.45454545454545,8.0,26.976284584980235,Improving
OPPO,Reno 13 Pro,design,49,55.10204081632652,42.857142857142854,2.0408163265306123,0.85845155,53.06122448979591,13.0,-17.39332096474954,Declining
OPPO,Find N5,display,62,41.935483870967744,46.774193548387096,11.29032258064516,0.8819861,30.645161290322584,5.0,,Baseline
OPPO,Find X8 Pro,display,69,81.15942028985508,18.84057971014493,0.0,0.92760026,81.15942028985508,8.0,50.514258999532494,Improving
OPPO,Reno 13 Pro,display,64,70.3125,26.5625,3.125,0.91704744,67.1875,13.0,-13.971920289855078,Declining
OPPO,Find N5,performance,85,30.58823529411765,54.11764705882353,15.294117647058824,0.79650646,15.294117647058824,5.0,,Baseline
OPPO,Find X8 Pro,performance,88,84.0909090909091,14.772727272727273,1.1363636363636365,0.89282393,82.95454545454545,8.0,67.66042780748663,Improving
OPPO,Reno 13 Pro,performance,79,62.0253164556962,32.91139240506329,5.063291139240507,0.83013016,56.962025316455694,13.0,-25.99252013808976,Declining
OnePlus,OnePlus 13,battery,60,76.66666666666667,23.333333333333332,0.0,0.92438596,76.66666666666667,13.0,,Baseline
OnePlus,OnePlus 13R,battery,79,91.13924050632912,8.860759493670885,0.0,0.9507823,91.13924050632912,13.1,14.472573839662445,Improving
OnePlus,OnePlus 13T,battery,65,76.92307692307693,21.53846153846154,1.5384615384615385,0.92380816,75.3846153846154,13.2,-15.754625121713715,Declining
OnePlus,OnePlus 13,camera,58,67.24137931034483,31.03448275862069,1.7241379310344827,0.86147,65.51724137931035,13.0,,Baseline
OnePlus,OnePlus 13R,camera,62,64.51612903225806,29.03225806451613,6.451612903225806,0.81574464,58.064516129032256,13.1,-7.4527252502780925,Declining
OnePlus,OnePlus 13T,camera,66,46.96969696969697,43.93939393939394,9.090909090909092,0.80225295,37.878787878787875,13.2,-20.18572825024438,Declining
OnePlus,OnePlus 13,design,42,78.57142857142857,21.428571428571427,0.0,0.89514434,78.57142857142857,13.0,,Baseline
OnePlus,OnePlus 13R,design,55,49.09090909090909,47.27272727272727,3.6363636363636362,0.8818647,45.45454545454546,13.1,-33.11688311688311,Declining
OnePlus,OnePlus 13T,design,45,51.11111111111111,46.666666666666664,2.2222222222222223,0.8608491,48.888888888888886,13.2,3.4343434343434254,Stable
OnePlus,OnePlus 13,display,69,84.05797101449275,15.942028985507244,0.0,0.93542755,84.05797101449275,13.0,,Baseline
OnePlus,OnePlus 13R,display,59,74.57627118644068,23.728813559322035,1.694915254237288,0.93937105,72.88135593220339,13.1,-11.17661508228936,Declining
OnePlus,OnePlus 13T,display,66,80.3030303030303,19.696969696969695,0.0,0.90952426,80.3030303030303,13.2,7.421674370826906,Improving
OnePlus,OnePlus 13,performance,86,90.69767441860465,9.30232558139535,0.0,0.874919,90.69767441860465,13.0,,Baseline
OnePlus,OnePlus 13R,performance,98,80.61224489795919,18.367346938775512,1.0204081632653061,0.86815023,79.59183673469389,13.1,-11.105837683910764,Declining
OnePlus,OnePlus 13T,performance,95,77.89473684210526,22.105263157894736,0.0,0.8557724,77.89473684210526,13.2,-1.697099892588625,Stable
Realme,Realme GT 7,battery,59,71.1864406779661,28.8135593220339,0.0,0.9160078,71.1864406779661,7.0,,Baseline
Realme,Realme GT 7 Pro,battery,70,78.57142857142857,21.428571428571427,0.0,0.92593634,78.57142857142857,7.1,7.3849878934624655,Improving
Realme,Realme 14 Pro+,battery,61,63.934426229508205,34.42622950819672,1.639344262295082,0.900488,62.29508196721312,14.0,-16.276346604215448,Declining
Realme,Realme GT 7,camera,58,56.896551724137936,31.03448275862069,12.068965517241379,0.8190063,44.827586206896555,7.0,,Baseline
Realme,Realme GT 7 Pro,camera,64,56.25,40.625,3.125,0.8423929,53.125,7.1,8.297413793103445,Improving
Realme,Realme 14 Pro+,camera,64,32.8125,53.125,14.0625,0.8055889,18.75,14.0,-34.375,Declining
Realme,Realme GT 7,design,52,46.15384615384615,50.0,3.8461538461538463,0.8410572,42.30769230769231,7.0,,Baseline
Realme,Realme GT 7 Pro,design,50,56.00000000000001,32.0,12.0,0.8543654,44.00000000000001,7.1,1.6923076923077005,Stable
Realme,Realme 14 Pro+,design,48,33.33333333333333,66.66666666666666,0.0,0.84662896,33.33333333333333,14.0,-10.666666666666679,Declining
Realme,Realme GT 7,display,61,59.01639344262295,34.42622950819672,6.557377049180328,0.9252213,52.459016393442624,7.0,,Baseline
Realme,Realme GT 7 Pro,display,65,75.38461538461539,24.615384615384617,0.0,0.9186861,75.38461538461539,7.1,22.925598991172762,Improving
Realme,Realme 14 Pro+,display,56,42.857142857142854,48.214285714285715,8.928571428571429,0.88079673,33.92857142857142,14.0,-41.45604395604396,Declining
Realme,Realme GT 7,performance,79,67.08860759493672,26.582278481012654,6.329113924050633,0.8230859,60.75949367088609,7.0,,Baseline
Realme,Realme GT 7 Pro,performance,84,80.95238095238095,19.047619047619047,0.0,0.87097394,80.95238095238095,7.1,20.192887281494862,Improving
Realme,Realme 14 Pro+,performance,91,32.967032967032964,53.84615384615385,13.186813186813188,0.79956824,19.780219780219774,14.0,-61.172161172161175,Declining
Samsung,Galaxy S25 Ultra,battery,66,87.87878787878788,12.121212121212121,0.0,0.9625366,87.87878787878788,25.0,,Baseline
Samsung,Galaxy S26,battery,58,77.58620689655173,22.413793103448278,0.0,0.94576335,77.58620689655173,26.0,-10.292580982236146,Declining
Samsung,Galaxy S26 Ultra,battery,62,87.09677419354838,12.903225806451612,0.0,0.9270711,87.09677419354838,26.1,9.510567296996655,Improving
Samsung,Galaxy A56 5G,battery,63,34.92063492063492,52.38095238095239,12.698412698412698,0.86807024,22.22222222222222,56.0,-64.87455197132616,Declining
Samsung,Galaxy Z Flip7,battery,58,29.310344827586203,36.206896551724135,34.48275862068966,0.90418196,-5.1724137931034555,2025.0,-27.394636015325677,Declining
Samsung,Galaxy S25 Ultra,camera,56,91.07142857142857,8.928571428571429,0.0,0.8509198,91.07142857142857,25.0,,Baseline
Samsung,Galaxy S26,camera,67,83.5820895522388,16.417910447761194,0.0,0.9101065,83.5820895522388,26.0,-7.489339019189771,Declining
Samsung,Galaxy S26 Ultra,camera,65,83.07692307692308,16.923076923076923,0.0,0.87481713,83.07692307692308,26.1,-0.5051664753157183,Stable
Samsung,Galaxy A56 5G,camera,66,15.151515151515152,60.60606060606061,24.242424242424242,0.8426418,-9.09090909090909,56.0,-92.16783216783217,Declining
Samsung,Galaxy Z Flip7,camera,73,50.68493150684932,42.465753424657535,6.8493150684931505,0.79845834,43.83561643835617,2025.0,52.92652552926526,Improving
Samsung,Galaxy S25 Ultra,design,54,85.18518518518519,14.814814814814813,0.0,0.9300168,85.18518518518519,25.0,,Baseline
Samsung,Galaxy S26,design,48,79.16666666666666,20.833333333333336,0.0,0.9031257,79.16666666666666,26.0,-6.018518518518533,Declining
Samsung,Galaxy S26 Ultra,design,47,85.1063829787234,14.893617021276595,0.0,0.91881883,85.1063829787234,26.1,5.9397163120567456,Improving
Samsung,Galaxy A56 5G,design,66,34.84848484848485,62.121212121212125,3.0303030303030303,0.8462917,31.81818181818182,56.0,-53.28820116054158,Declining
Samsung,Galaxy Z Flip7,design,49,53.06122448979592,46.93877551020408,0.0,0.8778903,53.06122448979592,2025.0,21.2430426716141,Improving
Samsung,Galaxy S25 Ultra,display,74,91.8918918918919,8.108108108108109,0.0,0.93212634,91.8918918918919,25.0,,Baseline
Samsung,Galaxy S26,display,70,91.42857142857143,8.571428571428571,0.0,0.94937557,91.42857142857143,26.0,-0.4633204633204713,Stable
Samsung,Galaxy S26 Ultra,display,63,92.06349206349206,7.936507936507936,0.0,0.9527453,92.06349206349206,26.1,0.6349206349206327,Stable
Samsung,Galaxy A56 5G,display,70,42.857142857142854,50.0,7.142857142857142,0.9012778,35.71428571428571,56.0,-56.349206349206355,Declining
Samsung,Galaxy Z Flip7,display,69,53.62318840579711,40.57971014492754,5.797101449275362,0.9101722,47.82608695652175,2025.0,12.11180124223604,Improving
Samsung,Galaxy S25 Ultra,performance,90,88.88888888888889,11.11111111111111,0.0,0.9161861,88.88888888888889,25.0,,Baseline
Samsung,Galaxy S26,performance,86,89.53488372093024,10.465116279069768,0.0,0.8876334,89.53488372093024,26.0,0.6459948320413531,Stable
Samsung,Galaxy S26 Ultra,performance,98,89.79591836734694,10.204081632653061,0.0,0.8893119,89.79591836734694,26.1,0.2610346464167037,Stable
Samsung,Galaxy A56 5G,performance,97,31.958762886597935,58.76288659793815,9.278350515463918,0.7855902,22.680412371134018,56.0,-67.11550599621293,Declining
Samsung,Galaxy Z Flip7,performance,101,45.54455445544555,48.51485148514851,5.9405940594059405,0.7862141,39.60396039603961,2025.0,16.923548024905593,Improving
Xiaomi,Redmi Note 14 Pro+,battery,61,67.21311475409836,31.147540983606557,1.639344262295082,0.8992719,65.57377049180327,14.0,,Baseline
Xiaomi,Xiaomi 15,battery,59,67.79661016949152,28.8135593220339,3.389830508474576,0.88415116,64.40677966101694,15.0,-1.1669908307863324,Stable
Xiaomi,Xiaomi 15 Ultra,battery,53,86.79245283018868,13.20754716981132,0.0,0.94252735,86.79245283018868,15.1,22.38567316917174,Improving
Xiaomi,Redmi Note 14 Pro+,camera,62,22.58064516129032,51.61290322580645,25.806451612903224,0.8345149,-3.225806451612904,14.0,,Baseline
Xiaomi,Xiaomi 15,camera,72,70.83333333333334,29.166666666666668,0.0,0.8275679,70.83333333333334,15.0,74.05913978494624,Improving
Xiaomi,Xiaomi 15 Ultra,camera,58,63.793103448275865,36.206896551724135,0.0,0.8537218,63.793103448275865,15.1,-7.040229885057478,Declining
Xiaomi,Redmi Note 14 Pro+,design,56,39.285714285714285,46.42857142857143,14.285714285714285,0.8198814,25.0,14.0,,Baseline
Xiaomi,Xiaomi 15,design,54,59.25925925925925,40.74074074074074,0.0,0.88432175,59.25925925925925,15.0,34.25925925925925,Improving
Xiaomi,Xiaomi 15 Ultra,design,44,65.9090909090909,31.818181818181817,2.272727272727273,0.90054876,63.63636363636363,15.1,4.377104377104381,Stable
Xiaomi,Redmi Note 14 Pro+,display,57,45.614035087719294,43.859649122807014,10.526315789473683,0.8756655,35.08771929824561,14.0,,Baseline
Xiaomi,Xiaomi 15,display,56,76.78571428571429,21.428571428571427,1.7857142857142856,0.93268245,75.0,15.0,39.91228070175439,Improving
Xiaomi,Xiaomi 15 Ultra,display,67,82.08955223880598,17.91044776119403,0.0,0.95208544,82.08955223880598,15.1,7.089552238805979,Improving
Xiaomi,Redmi Note 14 Pro+,performance,83,38.55421686746988,56.62650602409639,4.819277108433735,0.7893999,33.734939759036145,14.0,,Baseline
Xiaomi,Xiaomi 15,performance,85,76.47058823529412,23.52941176470588,0.0,0.8684435,76.47058823529412,15.0,42.73564847625797,Improving
Xiaomi,Xiaomi 15 Ultra,performance,86,81.3953488372093,18.6046511627907,0.0,0.8740618,81.3953488372093,15.1,4.924760601915182,Stable
