brand,model,aspect,mention_count,negative_pct,neutral_pct,positive_pct,avg_confidence,health_score,reliability,weakness_score,severity
Apple,iPhone 16,battery,54,5.555555555555555,46.2962962962963,48.148148148148145,0.86866075,42.59259259259259,1.0,-42.59259259259259,Strong
Apple,iPhone 16,camera,68,1.4705882352941175,35.294117647058826,63.23529411764706,0.8620581,61.76470588235294,1.0,-61.76470588235294,Strong
Apple,iPhone 16,design,67,0.0,37.3134328358209,62.68656716417911,0.87976325,62.68656716417911,1.0,-62.68656716417911,Strong
Apple,iPhone 16,display,67,0.0,22.388059701492537,77.61194029850746,0.9167805,77.61194029850746,1.0,-77.61194029850746,Strong
Apple,iPhone 16,performance,90,0.0,24.444444444444443,75.55555555555556,0.8524871,75.55555555555556,1.0,-75.55555555555556,Strong
Apple,iPhone 16e,battery,62,25.806451612903224,32.25806451612903,41.935483870967744,0.90172,16.12903225806452,1.0,-16.12903225806452,Weak
Apple,iPhone 16e,camera,70,27.142857142857142,58.57142857142858,14.285714285714285,0.852348,-12.857142857142858,1.0,12.857142857142858,Weak
Apple,iPhone 16e,design,63,9.523809523809524,58.730158730158735,31.746031746031743,0.8477757,22.22222222222222,1.0,-22.22222222222222,Moderate
Apple,iPhone 16e,display,65,13.846153846153847,43.07692307692308,43.07692307692308,0.90918285,29.230769230769234,1.0,-29.230769230769234,Moderate
Apple,iPhone 16e,performance,103,4.854368932038835,59.22330097087378,35.92233009708738,0.8030302,31.067961165048548,1.0,-31.067961165048548,Moderate
Apple,iPhone 17,battery,67,1.4925373134328357,23.88059701492537,74.6268656716418,0.9137604,73.13432835820896,1.0,-73.13432835820896,Strong
Apple,iPhone 17,camera,65,0.0,20.0,80.0,0.8554691,80.0,1.0,-80.0,Strong
Apple,iPhone 17,design,61,0.0,36.0655737704918,63.934426229508205,0.8948153,63.934426229508205,1.0,-63.934426229508205,Strong
Apple,iPhone 17,display,72,0.0,20.833333333333336,79.16666666666666,0.9422103,79.16666666666666,1.0,-79.16666666666666,Strong
Apple,iPhone 17,performance,98,0.0,13.26530612244898,86.73469387755102,0.89895684,86.73469387755102,1.0,-86.73469387755102,Strong
Apple,iPhone 17 Pro,battery,50,0.0,16.0,84.0,0.9362839,84.0,1.0,-84.0,Strong
Apple,iPhone 17 Pro,camera,68,0.0,17.647058823529413,82.35294117647058,0.8434581,82.35294117647058,1.0,-82.35294117647058,Strong
Apple,iPhone 17 Pro,design,52,0.0,9.615384615384617,90.38461538461539,0.91067,90.38461538461539,1.0,-90.38461538461539,Strong
Apple,iPhone 17 Pro,display,67,0.0,13.432835820895523,86.56716417910447,0.9562051,86.56716417910447,1.0,-86.56716417910447,Strong
Apple,iPhone 17 Pro,performance,101,0.0,13.861386138613863,86.13861386138613,0.9001283,86.13861386138613,1.0,-86.13861386138613,Strong
Apple,iPhone 17 Pro Max,battery,63,0.0,12.698412698412698,87.3015873015873,0.9224938,87.3015873015873,1.0,-87.3015873015873,Strong
Apple,iPhone 17 Pro Max,camera,71,0.0,18.30985915492958,81.69014084507043,0.87086725,81.69014084507043,1.0,-81.69014084507043,Strong
Apple,iPhone 17 Pro Max,design,59,0.0,16.94915254237288,83.05084745762711,0.91707355,83.05084745762711,1.0,-83.05084745762711,Strong
Apple,iPhone 17 Pro Max,display,71,0.0,8.450704225352112,91.54929577464789,0.94483864,91.54929577464789,1.0,-91.54929577464789,Strong
Apple,iPhone 17 Pro Max,performance,99,0.0,15.151515151515152,84.84848484848484,0.915212,84.84848484848484,1.0,-84.84848484848484,Strong
Google,Pixel 10,battery,55,14.545454545454545,36.36363636363637,49.09090909090909,0.8802103,34.54545454545455,1.0,-34.54545454545455,Moderate
Google,Pixel 10,camera,70,0.0,30.0,70.0,0.84995663,70.0,1.0,-70.0,Strong
Google,Pixel 10,design,58,8.620689655172415,48.275862068965516,43.103448275862064,0.86135864,34.48275862068965,1.0,-34.48275862068965,Moderate
Google,Pixel 10,display,68,4.411764705882353,32.35294117647059,63.23529411764706,0.9301825,58.8235294117647,1.0,-58.8235294117647,Strong
Google,Pixel 10,performance,87,4.597701149425287,37.93103448275862,57.47126436781609,0.82520777,52.8735632183908,1.0,-52.8735632183908,Strong
Google,Pixel 10 Pro,battery,51,1.9607843137254901,47.05882352941176,50.98039215686274,0.8764431,49.01960784313725,1.0,-49.01960784313725,Strong
Google,Pixel 10 Pro,camera,63,0.0,19.047619047619047,80.95238095238095,0.89362437,80.95238095238095,1.0,-80.95238095238095,Strong
Google,Pixel 10 Pro,design,61,4.918032786885246,45.90163934426229,49.18032786885246,0.8454043,44.26229508196721,1.0,-44.26229508196721,Strong
Google,Pixel 10 Pro,display,63,0.0,23.809523809523807,76.19047619047619,0.92733794,76.19047619047619,1.0,-76.19047619047619,Strong
Google,Pixel 10 Pro,performance,91,3.296703296703297,37.362637362637365,59.34065934065934,0.8252468,56.043956043956044,1.0,-56.043956043956044,Strong
Google,Pixel 10 Pro XL,battery,43,2.3255813953488373,37.2093023255814,60.46511627906976,0.90971017,58.13953488372093,0.86,-49.99999999999999,Strong
Google,Pixel 10 Pro XL,camera,73,0.0,17.80821917808219,82.1917808219178,0.8895139,82.1917808219178,1.0,-82.1917808219178,Strong
Google,Pixel 10 Pro XL,design,53,0.0,41.509433962264154,58.490566037735846,0.8874684,58.490566037735846,1.0,-58.490566037735846,Strong
Google,Pixel 10 Pro XL,display,62,0.0,8.064516129032258,91.93548387096774,0.95054466,91.93548387096774,1.0,-91.93548387096774,Strong
Google,Pixel 10 Pro XL,performance,97,0.0,20.618556701030926,79.38144329896907,0.83569574,79.38144329896907,1.0,-79.38144329896907,Strong
Google,Pixel 9a,battery,56,8.928571428571429,37.5,53.57142857142857,0.9336401,44.64285714285714,1.0,-44.64285714285714,Strong
Google,Pixel 9a,camera,66,15.151515151515152,56.060606060606055,28.78787878787879,0.83337015,13.636363636363637,1.0,-13.636363636363637,Moderate
Google,Pixel 9a,design,54,5.555555555555555,57.407407407407405,37.03703703703704,0.832475,31.48148148148148,1.0,-31.48148148148148,Moderate
Google,Pixel 9a,display,58,8.620689655172415,36.206896551724135,55.172413793103445,0.9019299,46.55172413793103,1.0,-46.55172413793103,Strong
Google,Pixel 9a,performance,91,23.076923076923077,49.45054945054945,27.472527472527474,0.8036282,4.395604395604398,1.0,-4.395604395604398,Moderate
Motorola,Moto G Power 2025,battery,70,4.285714285714286,18.571428571428573,77.14285714285715,0.93223953,72.85714285714286,1.0,-72.85714285714286,Strong
Motorola,Moto G Power 2025,camera,69,59.42028985507246,31.88405797101449,8.695652173913043,0.89922786,-50.72463768115942,1.0,50.72463768115942,Critical
Motorola,Moto G Power 2025,design,60,25.0,60.0,15.0,0.8599471,-10.0,1.0,10.0,Weak
Motorola,Moto G Power 2025,display,73,36.986301369863014,47.94520547945205,15.068493150684931,0.886758,-21.917808219178085,1.0,21.917808219178085,Weak
Motorola,Moto G Power 2025,performance,103,37.86407766990291,46.601941747572816,15.53398058252427,0.8254791,-22.33009708737864,1.0,22.33009708737864,Weak
Motorola,Motorola Edge 60 Pro,battery,64,0.0,26.5625,73.4375,0.9215316,73.4375,1.0,-73.4375,Strong
Motorola,Motorola Edge 60 Pro,camera,58,5.172413793103448,46.55172413793103,48.275862068965516,0.80932546,43.103448275862064,1.0,-43.103448275862064,Strong
Motorola,Motorola Edge 60 Pro,design,50,2.0,28.000000000000004,70.0,0.8842471,68.0,1.0,-68.0,Strong
Motorola,Motorola Edge 60 Pro,display,63,1.5873015873015872,33.33333333333333,65.07936507936508,0.9264352,63.49206349206349,1.0,-63.49206349206349,Strong
Motorola,Motorola Edge 60 Pro,performance,78,3.8461538461538463,28.205128205128204,67.94871794871796,0.8572844,64.10256410256412,1.0,-64.10256410256412,Strong
Motorola,Razr 60 Ultra,battery,51,37.254901960784316,33.33333333333333,29.411764705882355,0.8532897,-7.843137254901961,1.0,7.843137254901961,Weak
Motorola,Razr 60 Ultra,camera,57,7.017543859649122,54.385964912280706,38.59649122807017,0.81908417,31.578947368421048,1.0,-31.578947368421048,Moderate
Motorola,Razr 60 Ultra,design,51,1.9607843137254901,45.09803921568628,52.94117647058824,0.89516723,50.98039215686275,1.0,-50.98039215686275,Strong
Motorola,Razr 60 Ultra,display,53,5.660377358490567,39.62264150943396,54.71698113207547,0.91142964,49.056603773584904,1.0,-49.056603773584904,Strong
Motorola,Razr 60 Ultra,performance,97,7.216494845360824,48.45360824742268,44.329896907216494,0.81090814,37.113402061855666,1.0,-37.113402061855666,Moderate
Nothing,Nothing Phone 3,battery,53,1.8867924528301887,35.84905660377358,62.264150943396224,0.8701002,60.37735849056604,1.0,-60.37735849056604,Strong
Nothing,Nothing Phone 3,camera,61,9.836065573770492,34.42622950819672,55.73770491803278,0.8254394,45.90163934426229,1.0,-45.90163934426229,Strong
Nothing,Nothing Phone 3,design,48,0.0,35.41666666666667,64.58333333333334,0.8934459,64.58333333333334,0.96,-62.00000000000001,Strong
Nothing,Nothing Phone 3,display,62,0.0,41.935483870967744,58.06451612903226,0.89372784,58.06451612903226,1.0,-58.06451612903226,Strong
Nothing,Nothing Phone 3,performance,84,3.571428571428571,30.952380952380953,65.47619047619048,0.8681417,61.90476190476191,1.0,-61.90476190476191,Strong
Nothing,Phone 2a Plus,battery,57,1.7543859649122806,29.82456140350877,68.42105263157895,0.914472,66.66666666666667,1.0,-66.66666666666667,Strong
Nothing,Phone 2a Plus,camera,67,40.298507462686565,43.28358208955223,16.417910447761194,0.8753254,-23.88059701492537,1.0,23.88059701492537,Critical
Nothing,Phone 2a Plus,design,55,20.0,41.81818181818181,38.18181818181819,0.8857622,18.181818181818187,1.0,-18.181818181818187,Moderate
Nothing,Phone 2a Plus,display,58,24.137931034482758,48.275862068965516,27.586206896551722,0.8517061,3.4482758620689644,1.0,-3.4482758620689644,Moderate
Nothing,Phone 2a Plus,performance,80,22.5,50.0,27.500000000000004,0.80856705,5.0000000000000036,1.0,-5.0000000000000036,Moderate
Nothing,Phone 3a Pro,battery,55,0.0,32.72727272727273,67.27272727272727,0.89420104,67.27272727272727,1.0,-67.27272727272727,Strong
Nothing,Phone 3a Pro,camera,64,12.5,46.875,40.625,0.8267845,28.125,1.0,-28.125,Moderate
Nothing,Phone 3a Pro,design,59,3.389830508474576,33.89830508474576,62.71186440677966,0.8734329,59.32203389830509,1.0,-59.32203389830509,Strong
Nothing,Phone 3a Pro,display,65,4.615384615384616,38.46153846153847,56.92307692307692,0.8615717,52.30769230769231,1.0,-52.30769230769231,Strong
Nothing,Phone 3a Pro,performance,84,7.142857142857142,45.23809523809524,47.61904761904761,0.80975485,40.47619047619047,1.0,-40.47619047619047,Strong
OPPO,Find N5,battery,48,31.25,50.0,18.75,0.8812608,-12.5,0.96,12.0,Weak
OPPO,Find N5,camera,55,18.181818181818183,41.81818181818181,40.0,0.8326077,21.818181818181817,1.0,-21.818181818181817,Moderate
OPPO,Find N5,design,46,0.0,56.52173913043478,43.47826086956522,0.87210673,43.47826086956522,0.92,-40.0,Strong
OPPO,Find N5,display,62,11.29032258064516,46.774193548387096,41.935483870967744,0.8819861,30.645161290322584,1.0,-30.645161290322584,Moderate
OPPO,Find N5,performance,85,15.294117647058824,54.11764705882353,30.58823529411765,0.79650646,15.294117647058824,1.0,-15.294117647058824,Moderate
OPPO,Find X8 Pro,battery,51,0.0,31.372549019607842,68.62745098039215,0.9084732,68.62745098039215,1.0,-68.62745098039215,Strong
OPPO,Find X8 Pro,camera,67,0.0,17.91044776119403,82.08955223880598,0.9122433,82.08955223880598,1.0,-82.08955223880598,Strong
OPPO,Find X8 Pro,design,44,0.0,29.545454545454547,70.45454545454545,0.9076199,70.45454545454545,0.88,-62.0,Strong
OPPO,Find X8 Pro,display,69,0.0,18.84057971014493,81.15942028985508,0.92760026,81.15942028985508,1.0,-81.15942028985508,Strong
OPPO,Find X8 Pro,performance,88,1.1363636363636365,14.772727272727273,84.0909090909091,0.89282393,82.95454545454545,1.0,-82.95454545454545,Strong
OPPO,Reno 13 Pro,battery,63,6.349206349206349,38.095238095238095,55.55555555555556,0.9040032,49.20634920634921,1.0,-49.20634920634921,Strong
OPPO,Reno 13 Pro,camera,69,2.898550724637681,44.927536231884055,52.17391304347826,0.8007207,49.27536231884058,1.0,-49.27536231884058,Strong
OPPO,Reno 13 Pro,design,49,2.0408163265306123,42.857142857142854,55.10204081632652,0.85845155,53.06122448979591,0.98,-51.99999999999999,Strong
OPPO,Reno 13 Pro,display,64,3.125,26.5625,70.3125,0.91704744,67.1875,1.0,-67.1875,Strong
OPPO,Reno 13 Pro,performance,79,5.063291139240507,32.91139240506329,62.0253164556962,0.83013016,56.962025316455694,1.0,-56.962025316455694,Strong
OnePlus,OnePlus 13,battery,60,0.0,23.333333333333332,76.66666666666667,0.92438596,76.66666666666667,1.0,-76.66666666666667,Strong
OnePlus,OnePlus 13,camera,58,1.7241379310344827,31.03448275862069,67.24137931034483,0.86147,65.51724137931035,1.0,-65.51724137931035,Strong
OnePlus,OnePlus 13,design,42,0.0,21.428571428571427,78.57142857142857,0.89514434,78.57142857142857,0.84,-66.0,Strong
OnePlus,OnePlus 13,display,69,0.0,15.942028985507244,84.05797101449275,0.93542755,84.05797101449275,1.0,-84.05797101449275,Strong
OnePlus,OnePlus 13,performance,86,0.0,9.30232558139535,90.69767441860465,0.874919,90.69767441860465,1.0,-90.69767441860465,Strong
OnePlus,OnePlus 13R,battery,79,0.0,8.860759493670885,91.13924050632912,0.9507823,91.13924050632912,1.0,-91.13924050632912,Strong
OnePlus,OnePlus 13R,camera,62,6.451612903225806,29.03225806451613,64.51612903225806,0.81574464,58.064516129032256,1.0,-58.064516129032256,Strong
OnePlus,OnePlus 13R,design,55,3.6363636363636362,47.27272727272727,49.09090909090909,0.8818647,45.45454545454546,1.0,-45.45454545454546,Strong
OnePlus,OnePlus 13R,display,59,1.694915254237288,23.728813559322035,74.57627118644068,0.93937105,72.88135593220339,1.0,-72.88135593220339,Strong
OnePlus,OnePlus 13R,performance,98,1.0204081632653061,18.367346938775512,80.61224489795919,0.86815023,79.59183673469389,1.0,-79.59183673469389,Strong
OnePlus,OnePlus 13T,battery,65,1.5384615384615385,21.53846153846154,76.92307692307693,0.92380816,75.3846153846154,1.0,-75.3846153846154,Strong
OnePlus,OnePlus 13T,camera,66,9.090909090909092,43.93939393939394,46.96969696969697,0.80225295,37.878787878787875,1.0,-37.878787878787875,Moderate
OnePlus,OnePlus 13T,design,45,2.2222222222222223,46.666666666666664,51.11111111111111,0.8608491,48.888888888888886,0.9,-44.0,Strong
OnePlus,OnePlus 13T,display,66,0.0,19.696969696969695,80.3030303030303,0.90952426,80.3030303030303,1.0,-80.3030303030303,Strong
OnePlus,OnePlus 13T,performance,95,0.0,22.105263157894736,77.89473684210526,0.8557724,77.89473684210526,1.0,-77.89473684210526,Strong
Realme,Realme 14 Pro+,battery,61,1.639344262295082,34.42622950819672,63.934426229508205,0.900488,62.29508196721312,1.0,-62.29508196721312,Strong
Realme,Realme 14 Pro+,camera,64,14.0625,53.125,32.8125,0.8055889,18.75,1.0,-18.75,Moderate
Realme,Realme 14 Pro+,design,48,0.0,66.66666666666666,33.33333333333333,0.84662896,33.33333333333333,0.96,-31.999999999999993,Moderate
Realme,Realme 14 Pro+,display,56,8.928571428571429,48.214285714285715,42.857142857142854,0.88079673,33.92857142857142,1.0,-33.92857142857142,Moderate
Realme,Realme 14 Pro+,performance,91,13.186813186813188,53.84615384615385,32.967032967032964,0.79956824,19.780219780219774,1.0,-19.780219780219774,Moderate
Realme,Realme GT 7,battery,59,0.0,28.8135593220339,71.1864406779661,0.9160078,71.1864406779661,1.0,-71.1864406779661,Strong
Realme,Realme GT 7,camera,58,12.068965517241379,31.03448275862069,56.896551724137936,0.8190063,44.827586206896555,1.0,-44.827586206896555,Strong
Realme,Realme GT 7,design,52,3.8461538461538463,50.0,46.15384615384615,0.8410572,42.30769230769231,1.0,-42.30769230769231,Strong
Realme,Realme GT 7,display,61,6.557377049180328,34.42622950819672,59.01639344262295,0.9252213,52.459016393442624,1.0,-52.459016393442624,Strong
Realme,Realme GT 7,performance,79,6.329113924050633,26.582278481012654,67.08860759493672,0.8230859,60.75949367088609,1.0,-60.75949367088609,Strong
Realme,Realme GT 7 Pro,battery,70,0.0,21.428571428571427,78.57142857142857,0.92593634,78.57142857142857,1.0,-78.57142857142857,Strong
Realme,Realme GT 7 Pro,camera,64,3.125,40.625,56.25,0.8423929,53.125,1.0,-53.125,Strong
Realme,Realme GT 7 Pro,design,50,12.0,32.0,56.00000000000001,0.8543654,44.00000000000001,1.0,-44.00000000000001,Strong
Realme,Realme GT 7 Pro,display,65,0.0,24.615384615384617,75.38461538461539,0.9186861,75.38461538461539,1.0,-75.38461538461539,Strong
Realme,Realme GT 7 Pro,performance,84,0.0,19.047619047619047,80.95238095238095,0.87097394,80.95238095238095,1.0,-80.95238095238095,Strong
Samsung,Galaxy A56 5G,battery,63,12.698412698412698,52.38095238095239,34.92063492063492,0.86807024,22.22222222222222,1.0,-22.22222222222222,Moderate
Samsung,Galaxy A56 5G,camera,66,24.242424242424242,60.60606060606061,15.151515151515152,0.8426418,-9.09090909090909,1.0,9.09090909090909,Moderate
Samsung,Galaxy A56 5G,design,66,3.0303030303030303,62.121212121212125,34.84848484848485,0.8462917,31.81818181818182,1.0,-31.81818181818182,Moderate
Samsung,Galaxy A56 5G,display,70,7.142857142857142,50.0,42.857142857142854,0.9012778,35.71428571428571,1.0,-35.71428571428571,Moderate
Samsung,Galaxy A56 5G,performance,97,9.278350515463918,58.76288659793815,31.958762886597935,0.7855902,22.680412371134018,1.0,-22.680412371134018,Moderate
Samsung,Galaxy S25 Ultra,battery,66,0.0,12.121212121212121,87.87878787878788,0.9625366,87.87878787878788,1.0,-87.87878787878788,Strong
Samsung,Galaxy S25 Ultra,camera,56,0.0,8.928571428571429,91.07142857142857,0.8509198,91.07142857142857,1.0,-91.07142857142857,Strong
Samsung,Galaxy S25 Ultra,design,54,0.0,14.814814814814813,85.18518518518519,0.9300168,85.18518518518519,1.0,-85.18518518518519,Strong
Samsung,Galaxy S25 Ultra,display,74,0.0,8.108108108108109,91.8918918918919,0.93212634,91.8918918918919,1.0,-91.8918918918919,Strong
Samsung,Galaxy S25 Ultra,performance,90,0.0,11.11111111111111,88.88888888888889,0.9161861,88.88888888888889,1.0,-88.88888888888889,Strong
Samsung,Galaxy S26,battery,58,0.0,22.413793103448278,77.58620689655173,0.94576335,77.58620689655173,1.0,-77.58620689655173,Strong
Samsung,Galaxy S26,camera,67,0.0,16.417910447761194,83.5820895522388,0.9101065,83.5820895522388,1.0,-83.5820895522388,Strong
Samsung,Galaxy S26,design,48,0.0,20.833333333333336,79.16666666666666,0.9031257,79.16666666666666,0.96,-75.99999999999999,Strong
Samsung,Galaxy S26,display,70,0.0,8.571428571428571,91.42857142857143,0.94937557,91.42857142857143,1.0,-91.42857142857143,Strong
Samsung,Galaxy S26,performance,86,0.0,10.465116279069768,89.53488372093024,0.8876334,89.53488372093024,1.0,-89.53488372093024,Strong
Samsung,Galaxy S26 Ultra,battery,62,0.0,12.903225806451612,87.09677419354838,0.9270711,87.09677419354838,1.0,-87.09677419354838,Strong
Samsung,Galaxy S26 Ultra,camera,65,0.0,16.923076923076923,83.07692307692308,0.87481713,83.07692307692308,1.0,-83.07692307692308,Strong
Samsung,Galaxy S26 Ultra,design,47,0.0,14.893617021276595,85.1063829787234,0.91881883,85.1063829787234,0.94,-80.0,Strong
Samsung,Galaxy S26 Ultra,display,63,0.0,7.936507936507936,92.06349206349206,0.9527453,92.06349206349206,1.0,-92.06349206349206,Strong
Samsung,Galaxy S26 Ultra,performance,98,0.0,10.204081632653061,89.79591836734694,0.8893119,89.79591836734694,1.0,-89.79591836734694,Strong
Samsung,Galaxy Z Flip7,battery,58,34.48275862068966,36.206896551724135,29.310344827586203,0.90418196,-5.1724137931034555,1.0,5.1724137931034555,Weak
Samsung,Galaxy Z Flip7,camera,73,6.8493150684931505,42.465753424657535,50.68493150684932,0.79845834,43.83561643835617,1.0,-43.83561643835617,Strong
Samsung,Galaxy Z Flip7,design,49,0.0,46.93877551020408,53.06122448979592,0.8778903,53.06122448979592,0.98,-52.0,Strong
Samsung,Galaxy Z Flip7,display,69,5.797101449275362,40.57971014492754,53.62318840579711,0.9101722,47.82608695652175,1.0,-47.82608695652175,Strong
Samsung,Galaxy Z Flip7,performance,101,5.9405940594059405,48.51485148514851,45.54455445544555,0.7862141,39.60396039603961,1.0,-39.60396039603961,Moderate
Xiaomi,Redmi Note 14 Pro+,battery,61,1.639344262295082,31.147540983606557,67.21311475409836,0.8992719,65.57377049180327,1.0,-65.57377049180327,Strong
Xiaomi,Redmi Note 14 Pro+,camera,62,25.806451612903224,51.61290322580645,22.58064516129032,0.8345149,-3.225806451612904,1.0,3.225806451612904,Weak
Xiaomi,Redmi Note 14 Pro+,design,56,14.285714285714285,46.42857142857143,39.285714285714285,0.8198814,25.0,1.0,-25.0,Moderate
Xiaomi,Redmi Note 14 Pro+,display,57,10.526315789473683,43.859649122807014,45.614035087719294,0.8756655,35.08771929824561,1.0,-35.08771929824561,Moderate
Xiaomi,Redmi Note 14 Pro+,performance,83,4.819277108433735,56.62650602409639,38.55421686746988,0.7893999,33.734939759036145,1.0,-33.734939759036145,Moderate
Xiaomi,Xiaomi 15,battery,59,3.389830508474576,28.8135593220339,67.79661016949152,0.88415116,64.40677966101694,1.0,-64.40677966101694,Strong
Xiaomi,Xiaomi 15,camera,72,0.0,29.166666666666668,70.83333333333334,0.8275679,70.83333333333334,1.0,-70.83333333333334,Strong
Xiaomi,Xiaomi 15,design,54,0.0,40.74074074074074,59.25925925925925,0.88432175,59.25925925925925,1.0,-59.25925925925925,Strong
Xiaomi,Xiaomi 15,display,56,1.7857142857142856,21.428571428571427,76.78571428571429,0.93268245,75.0,1.0,-75.0,Strong
Xiaomi,Xiaomi 15,performance,85,0.0,23.52941176470588,76.47058823529412,0.8684435,76.47058823529412,1.0,-76.47058823529412,Strong
Xiaomi,Xiaomi 15 Ultra,battery,53,0.0,13.20754716981132,86.79245283018868,0.94252735,86.79245283018868,1.0,-86.79245283018868,Strong
Xiaomi,Xiaomi 15 Ultra,camera,58,0.0,36.206896551724135,63.793103448275865,0.8537218,63.793103448275865,1.0,-63.793103448275865,Strong
Xiaomi,Xiaomi 15 Ultra,design,44,2.272727272727273,31.818181818181817,65.9090909090909,0.90054876,63.63636363636363,0.88,-56.0,Strong
Xiaomi,Xiaomi 15 Ultra,display,67,0.0,17.91044776119403,82.08955223880598,0.95208544,82.08955223880598,1.0,-82.08955223880598,Strong
Xiaomi,Xiaomi 15 Ultra,performance,86,0.0,18.6046511627907,81.3953488372093,0.8740618,81.3953488372093,1.0,-81.3953488372093,Strong
